{"f1_topic":0.6758634222919938,"val_F1_avg":0.6355458944895741,"train_loss":0.798161615163852,"_runtime":234,"f1_action":0.3750252066948982,"_wandb":{"runtime":234},"epoch":3,"val_Acc_avg":0.8209677419354838,"acc_urgency":0.8709677419354839,"f1_sentiment":0.842129955430448,"_step":2,"acc_sentiment":0.8838709677419355,"_timestamp":1.7630392922177858e+09,"acc_topic":0.7677419354838709,"acc_action":0.7612903225806451,"f1_urgency":0.6491649935409566}