{"val_f1":0.7271607788018541,"f1_sentiment":0.8538426480439368,"_wandb":{"runtime":12},"_runtime":12,"_step":2,"f1_urgency":0.6004789095597716,"epoch":3,"_timestamp":1.762800007655065e+09,"train_loss":0.8015085412905767}