{"_timestamp":1.7630402388135695e+09,"_step":28,"f1_action":0.5422954822954823,"acc_urgency":0.7677419354838709,"f1_sentiment":0.8045015347982085,"f1_urgency":0.5260409110692006,"val_Acc_avg":0.7467741935483871,"acc_topic":0.7161290322580646,"train_loss":0.40086875930428506,"epoch":29,"acc_action":0.6967741935483871,"f1_topic":0.6957213699999494,"_runtime":87,"_wandb":{"runtime":87},"acc_sentiment":0.8064516129032258,"val_F1_avg":0.6421398245407102}