{"epoch":3,"_wandb":{"runtime":7},"f1_topic":0.6081920230740557,"_step":2,"_runtime":7,"val_F1_avg":0.557099936657646,"acc_action":0.6387096774193548,"f1_action":0.2410766679423396,"acc_urgency":0.8709677419354839,"f1_sentiment":0.726066894449469,"acc_sentiment":0.8064516129032258,"acc_topic":0.7032258064516129,"_timestamp":1.7630404160810206e+09,"train_loss":1.0289557367563247,"f1_urgency":0.6530641611647198,"val_Acc_avg":0.7548387096774194}