{"_step":10,"f1_urgency":0.34110885733603785,"train_loss":1.290044402464842,"_wandb":{"runtime":31},"_timestamp":1.7628010679484196e+09,"epoch":11,"val_f1":0.2825423349416395,"f1_sentiment":0.2239758125472411,"_runtime":31}