{"_runtime":39,"curve":{"size":57872,"path":"media/images/curve_50_121bbea4152925f0ccb4.png","format":"png","width":1050,"height":600,"_type":"image-file","sha256":"121bbea4152925f0ccb4748b7acd3d9d35e4c3edf9e175a85739d17d37fdac55"},"epoch":50,"acc_topic":0.8193548387096774,"_wandb":{"runtime":39},"_timestamp":1.7630397573443246e+09,"f1_action":0.4413831588592279,"acc_sentiment":0.9032258064516129,"acc_urgency":0.832258064516129,"f1_sentiment":0.897384869209231,"f1_urgency":0.6469896397253403,"train_loss":0.33210442662239076,"_step":50,"val_Acc_avg":0.832258064516129,"val_F1_avg":0.6993269074775126,"f1_topic":0.8115499621162513,"acc_action":0.7741935483870968}