{"_step":50,"acc_topic":0.8451612903225807,"acc_sentiment":0.9290322580645162,"f1_action":0.7334564951956256,"val_F1_avg":0.7961406521109522,"val_Acc_avg":0.8806451612903226,"f1_topic":0.8391830806396632,"acc_urgency":0.896774193548387,"epoch":50,"acc_action":0.8516129032258064,"curve":{"height":600,"_type":"image-file","sha256":"da114007fd11ec8df1db4e72bb71fb66f4bca82b5f5cf0eceee92737c080b318","size":59478,"path":"media/images/curve_50_da114007fd11ec8df1db.png","format":"png","width":1050},"f1_sentiment":0.9102137938234139,"_timestamp":1.7630397155424886e+09,"train_loss":0.31731230616569517,"f1_urgency":0.7017092387851062,"_runtime":123,"_wandb":{"runtime":123}}