{"val_F1_avg":0.1954094628603804,"_timestamp":1.763052309619347e+09,"acc_topic":0.25806451612903225,"train_loss":1.3237414062023163,"f1_action":0.13600668337510444,"_runtime":46,"f1_urgency":0.36410223560310034,"f1_sentiment":0.21145374449339208,"val_Acc_avg":0.47419354838709676,"_step":14,"acc_urgency":0.6451612903225806,"_wandb":{"runtime":46},"f1_topic":0.07007518796992482,"epoch":15,"acc_action":0.5290322580645161,"acc_sentiment":0.4645161290322581}