{"val_Acc_avg":0.4306451612903226,"_wandb":{"runtime":5},"epoch":1,"train_loss":1.5027096092700958,"f1_topic":0.04104183109707971,"_runtime":5,"f1_sentiment":0.21145374449339208,"_step":0,"_timestamp":1.7630423022440896e+09,"f1_urgency":0.24316939890710385,"acc_urgency":0.5741935483870968,"val_F1_avg":0.15228503795063505,"acc_topic":0.16774193548387098,"f1_action":0.11347517730496454,"acc_action":0.5161290322580645,"acc_sentiment":0.4645161290322581}