{"val_Acc_avg":0.39838709677419354,"_wandb":{"runtime":11},"acc_sentiment":0.4967741935483871,"f1_urgency":0.3427597544605825,"train_loss":1.4740156471729278,"acc_action":0.4258064516129032,"f1_action":0.13284394979872127,"_timestamp":1.763040774280328e+09,"acc_urgency":0.4967741935483871,"f1_topic":0.10872119815668202,"_step":2,"epoch":3,"acc_topic":0.17419354838709677,"val_F1_avg":0.23931325726530756,"f1_sentiment":0.37292812664524444,"_runtime":11}